source_id	source_type	filename	url	accessed_date	bytes	sha256	purpose
S01	NCBI RefSeq nucleotide FASTA	NCBI_NR_141590.1_AtU6-26_20260824.fasta	https://eutils.ncbi.nlm.nih.gov/entrez/eutils/efetch.fcgi?db=nuccore&id=NR_141590.1&rettype=fasta&retmode=text	2026-08-24	166	caaba78ed49241bfc847e5efe7a0289db2dc012960674529c202d23ff7ecf0cb	Current 101-nt AtU6-26 reference transcript
S02	NCBI GenBank records	NCBI_X52527.1_X52528.1_X52529.1_Arabidopsis_U6_records_20260824.gb	https://eutils.ncbi.nlm.nih.gov/entrez/eutils/efetch.fcgi?db=nuccore&id=X52527.1,X52528.1,X52529.1&rettype=gb&retmode=text	2026-08-24	8615	3f160a12d26012f3702649eea8d7eed432a2f95abaf1a6d0fe9425434343a814	Historical U6-1, U6-26 and U6-29 genomic records and annotated ncRNA boundaries
S03	NCBI Gene table	NCBI_GeneID_3768861_AtU6-26_20260824.txt	https://eutils.ncbi.nlm.nih.gov/entrez/eutils/efetch.fcgi?db=gene&id=3768861&rettype=gene_table&retmode=text	2026-08-24	416	50b5064ada9f3ef3b0ca60313d2af42b118fcd10130ead9a51561319875fa578	Current AtU6-26 Gene ID, genomic interval and transcript length
S04	Ensembl Plants REST JSON	Ensembl_AT3G13855_TAIR10_20260824.json	https://rest.ensembl.org/lookup/id/AT3G13855?content-type=application/json	2026-08-24	377	952d164fd9dbd836d6e88b00982188769ed987660b674a81ca07457a2da8a94e	TAIR10 locus identity, strand and coordinates
S05	Rfam covariance model	Rfam_RF00026_20260824.cm	https://rfam.org/family/RF00026/cm	2026-08-24	68972	49ad806984af8f3bb53b93ed5a7c84fa4d547f898c4427443b52f6b10df7a627	Canonical U6 family structural-search model
S06	Rfam seed alignment FASTA	Rfam_RF00026_seed_20260824.fasta	https://rfam.org/family/RF00026/alignment/fasta?download=1	2026-08-24	45350	6f2dbdc11427c873479c4dabb5f27b51d17284c936f5a7ef2ef0aeff24740fed	Curated 188-sequence model-building alignment; evidence resource, not a bulk BLAST query panel
S07	Rfam family metadata JSON	Rfam_RF00026_metadata_20260824.json	https://rfam.org/family/RF00026?content-type=application/json	2026-08-24	1193	c2a3f8e8386ee237b7b44a041b3b67f34803135936c26eef3aa24adc39f8ac9c	RF00026 release, clan, counts and score cutoffs
S08	Rfam current-release README	Rfam_CURRENT_README_20260824.txt	https://ftp.ebi.ac.uk/pub/databases/Rfam/CURRENT/README	2026-08-24	17470	3644c076ee3420a6b37bd8f7b8759dff408eea64067e4973ac5e0d54ec72a807	Current Rfam release identity
S09	Rfam covariance model	Rfam_RF00619_U6atac_20260824.cm	https://rfam.org/family/RF00619/cm	2026-08-24	83434	a3e7d752503ea81e9fa742efb4760dc5e1b038ade0a3636ddcdc90074e9d0367	U6atac exclusion/discrimination model from the same U6 clan
S10	Rfam family metadata JSON	Rfam_RF00619_U6atac_metadata_20260824.json	https://rfam.org/family/RF00619?content-type=application/json	2026-08-24	1166	213d185e73ef63425216c3c4bf7788e40c59367bd78038d5bbb38f5bfe2171aa	RF00619 identity, clan and score cutoffs
S11	NCBI GenBank records	NCBI_X51447.1_X04788.1_plant_U6_records_20260824.gb	https://eutils.ncbi.nlm.nih.gov/entrez/eutils/efetch.fcgi?db=nuccore&id=X51447.1,X04788.1&rettype=gb&retmode=text	2026-08-24	3877	420f196dd615fd0cf122a35a922b3b3e3cc7ab4f08df59d955572d90262c18ba	Tomato genomic U6 candidate and broad-bean U6 RNA for the plant sensitivity panel
S12	Rfam seed alignment Stockholm	Rfam_RF00026_seed_20260824.sto	https://rfam.org/family/RF00026/alignment	2026-08-24	55601	01e4acf899812c7aefba879804fe9dd2e56e10e7d897b0eca19bc9e9c80f36ec	Structure-annotated RF00026 seed alignment used to build the covariance model
